nan,nan,nan,nan,nan
0.25350590538834056,2.3966002885763498,1.6025080201621895,0.62166503628821013,1.0665475937966136
